{
  "swagger": "2.0",
  "info": {
    "description": "---\n Persistent Systems Limited - Notes Management - All APIs information",
    "version": "1.0.0"
  },
  "paths": {
    "/api/v1/login": {
      "post": {
        "summary": "User Login with email address and password",
        "security": [
          {
            "basicAuth": []
          }
        ],
        "responses": {
          "200": { "description": "success" }
        }
      }
    },
    "/api/v1/notes": {
      "post": {
        "summary": "Add Notes",
        "parameters": [
          {
            "name": "title",
            "in": "body",
            "type": "string",
            "Content-type": "string"
          },
          {
            "name": "desciption",
            "in": "body",
            "type": "string",
            "minimum": 1,
            "Content-type": "string"
          }
        ],
        "security": [
          {
            "SESSION-ID": []
          }
        ],
        "responses": {
          "200": { "description": "success" }
        }
      },
      "get": {
        "summary": "Get notes",
        "security": [
          {
            "SESSION-ID": []
          }
        ],
        "responses": {
          "200": { "description": "success" }
        }
      }
    }
  },
  "securityDefinitions": {
    "basicAuth": {
      "type": "basic"
    },
    "SESSION-ID": {
      "type": "apiKey",
      "name": "SESSION-ID",
      "in": "header"
    }
  }
}
